loss,accuracy,precision,recall,f1,duration
1.4612542390823364,1.0,1.0,1.0,1.0,153.1993808746338
