loss,accuracy,precision,recall,f1,duration
0.31326380372047424,1.0,1.0,1.0,1.0,19.228029012680054
