loss,accuracy,precision,recall,f1,duration
0.3132767975330353,1.0,1.0,1.0,1.0,23.993629217147827
