loss,accuracy,precision,recall,f1,duration
1.4612365166346233,1.0,1.0,1.0,1.0,146.94620203971863
