loss,accuracy,precision,recall,f1,duration
1.4613834619522095,1.0,1.0,1.0,1.0,47.76686096191406
