loss,accuracy,precision,recall,f1,duration
1.4612232844034831,1.0,1.0,1.0,1.0,150.16522693634033
