loss,accuracy,precision,recall,f1,duration
3.001894533634186,0.7051282051282052,0.5044457750340103,0.6320376320376321,0.5519161645411613,92.77310371398926
