loss,accuracy,precision,recall,f1,duration
1.5773288011550903,0.3,0.11770334928229664,0.3,0.16658823529411762,2.1443653106689453
